Player Name,Rating,Profile Link
"Afrakhteh, Ali",2176,https://omnipong.com/T-tourney.asp?t=109&r=5200&h=&p=161261
"Agarwal, Kiaan",140,https://omnipong.com/T-tourney.asp?t=109&r=5200&h=&p=187270
"Alex, Ethan",291,https://omnipong.com/T-tourney.asp?t=109&r=5200&h=&p=182817
"Amatya, Pradyumna",1728,https://omnipong.com/T-tourney.asp?t=109&r=5200&h=&p=73683
"Anandikar, Siddharth",1213,https://omnipong.com/T-tourney.asp?t=109&r=5200&h=&p=173510
"Anchala, Sid Aaran",1237,https://omnipong.com/T-tourney.asp?t=109&r=5200&h=&p=184489
"Antony, Jose",1909,https://omnipong.com/T-tourney.asp?t=109&r=5200&h=&p=101133
"Athur, Arjith",2146,https://omnipong.com/T-tourney.asp?t=109&r=5200&h=&p=173988
"Avaram, Mohammed Huzaifa",177,https://omnipong.com/T-tourney.asp?t=109&r=5200&h=&p=189383
"Balamurugan, Tanisha",1738,https://omnipong.com/T-tourney.asp?t=109&r=5200&h=&p=161522
"Balasubramanian, Nakshatra",126,https://omnipong.com/T-tourney.asp?t=109&r=5200&h=&p=185251
"Banerjee, Sampurna",209,https://omnipong.com/T-tourney.asp?t=109&r=5200&h=&p=177884
"Barigidad, Rakshit",2575,https://omnipong.com/T-tourney.asp?t=109&r=5200&h=&p=176959
"Bellulli, Nikhil",247,https://omnipong.com/T-tourney.asp?t=109&r=5200&h=&p=185847
"Bellulli, Vikram",289,https://omnipong.com/T-tourney.asp?t=109&r=5200&h=&p=185848
"Bhaidasna, Praful",1902,https://omnipong.com/T-tourney.asp?t=109&r=5200&h=&p=14155
"Bhat, Suchir",226,https://omnipong.com/T-tourney.asp?t=109&r=5200&h=&p=179832
"Bhattacharyya, Devansh",1655,https://omnipong.com/T-tourney.asp?t=109&r=5200&h=&p=162459
"Bikkina, Kethan",989,https://omnipong.com/T-tourney.asp?t=109&r=5200&h=&p=171694
"Bikkina, Raghav",1817,https://omnipong.com/T-tourney.asp?t=109&r=5200&h=&p=149057
"Bomminayuni, Akshera",468,https://omnipong.com/T-tourney.asp?t=109&r=5200&h=&p=178848
"Boyea, Christopher",1152,https://omnipong.com/T-tourney.asp?t=109&r=5200&h=&p=173337
"Callejas, Daniel John",1473,https://omnipong.com/T-tourney.asp?t=109&r=5200&h=&p=156881
"Chalise, Darshan",2051,https://omnipong.com/T-tourney.asp?t=109&r=5200&h=&p=102085
"Chalise, Divya",1924,https://omnipong.com/T-tourney.asp?t=109&r=5200&h=&p=101381
"Chan, Eliana",1776,https://omnipong.com/T-tourney.asp?t=109&r=5200&h=&p=155512
"Chang, Paul",1693,https://omnipong.com/T-tourney.asp?t=109&r=5200&h=&p=18043
"Chawla, Saarth",782,https://omnipong.com/T-tourney.asp?t=109&r=5200&h=&p=174820
"Chen, Alice",2025,https://omnipong.com/T-tourney.asp?t=109&r=5200&h=&p=159093
"Chen, Anyang",1460,https://omnipong.com/T-tourney.asp?t=109&r=5200&h=&p=166524
"Chen, Blandon",2004,https://omnipong.com/T-tourney.asp?t=109&r=5200&h=&p=172285
"Chen, Conner",2041,https://omnipong.com/T-tourney.asp?t=109&r=5200&h=&p=150193
"Chen, Lawrence",380,https://omnipong.com/T-tourney.asp?t=109&r=5200&h=&p=173966
"Chen, Lewis",0,https://omnipong.com/T-tourney.asp?t=109&r=5200&h=&p=189388
"Chen, Wen",1821,https://omnipong.com/T-tourney.asp?t=109&r=5200&h=&p=180141
"Cheng, Bryan",147,https://omnipong.com/T-tourney.asp?t=109&r=5200&h=&p=176661
"Cheng, Leo",70,https://omnipong.com/T-tourney.asp?t=109&r=5200&h=&p=182253
"Cheung, Camden",2062,https://omnipong.com/T-tourney.asp?t=109&r=5200&h=&p=166528
"Cho, Mark",1468,https://omnipong.com/T-tourney.asp?t=109&r=5200&h=&p=180676
"Conjeevaram, Indraneil",1936,https://omnipong.com/T-tourney.asp?t=109&r=5200&h=&p=153609
"Cruz, Clarence Justine Ang",0,https://omnipong.com/T-tourney.asp?t=109&r=5200&h=&p=190976
"Cruz, Kheith Rhynne",2425,https://omnipong.com/T-tourney.asp?t=109&r=5200&h=&p=191031
"Cruz, Maria Justine Angell",1911,https://omnipong.com/T-tourney.asp?t=109&r=5200&h=&p=181633
"Danivas, Sumukh",174,https://omnipong.com/T-tourney.asp?t=109&r=5200&h=&p=185788
"Dedhia, Monish",2405,https://omnipong.com/T-tourney.asp?t=109&r=5200&h=&p=184851
"Desai, Samvit",679,https://omnipong.com/T-tourney.asp?t=109&r=5200&h=&p=181511
"Deshmukh, Saarth",1151,https://omnipong.com/T-tourney.asp?t=109&r=5200&h=&p=170386
"Dileepan, Pranav",885,https://omnipong.com/T-tourney.asp?t=109&r=5200&h=&p=187106
"Dillibabu, Diya",220,https://omnipong.com/T-tourney.asp?t=109&r=5200&h=&p=180542
"Dong, Natalie",2033,https://omnipong.com/T-tourney.asp?t=109&r=5200&h=&p=124815
"Douglas, Derron",2304,https://omnipong.com/T-tourney.asp?t=109&r=5200&h=&p=102076
"Du, Peng",0,https://omnipong.com/T-tourney.asp?t=109&r=5200&h=&p=191397
"Duan, Kyson",988,https://omnipong.com/T-tourney.asp?t=109&r=5200&h=&p=175864
"Duong, Zoey",1384,https://omnipong.com/T-tourney.asp?t=109&r=5200&h=&p=173113
"Epuri, Ravi",1316,https://omnipong.com/T-tourney.asp?t=109&r=5200&h=&p=154962
"Fei, Ella",134,https://omnipong.com/T-tourney.asp?t=109&r=5200&h=&p=176553
"Feng, Dariah",2302,https://omnipong.com/T-tourney.asp?t=109&r=5200&h=&p=113073
"Fersch, Thomas",2185,https://omnipong.com/T-tourney.asp?t=109&r=5200&h=&p=102620
"Fong, Shania",112,https://omnipong.com/T-tourney.asp?t=109&r=5200&h=&p=182998
"Fukuhara, Akio",2484,https://omnipong.com/T-tourney.asp?t=109&r=5200&h=&p=164015
"Gaikwad, Viraaj",272,https://omnipong.com/T-tourney.asp?t=109&r=5200&h=&p=183271
"Gallardo, Diego",2146,https://omnipong.com/T-tourney.asp?t=109&r=5200&h=&p=154387
"Ganesh, Karthik",1385,https://omnipong.com/T-tourney.asp?t=109&r=5200&h=&p=185426
"Garg, Advik",674,https://omnipong.com/T-tourney.asp?t=109&r=5200&h=&p=183141
"Gass, Vincent",388,https://omnipong.com/T-tourney.asp?t=109&r=5200&h=&p=187315
"Gautam, Amritshyaam",1937,https://omnipong.com/T-tourney.asp?t=109&r=5200&h=&p=157354
"Gawai, Ravi",1567,https://omnipong.com/T-tourney.asp?t=109&r=5200&h=&p=105881
"Gokulan, Hridhay",341,https://omnipong.com/T-tourney.asp?t=109&r=5200&h=&p=167460
"Gu, Kaiming",0,https://omnipong.com/T-tourney.asp?t=109&r=5200&h=&p=188849
"Guan, Haoran",1736,https://omnipong.com/T-tourney.asp?t=109&r=5200&h=&p=96607
"Gulrajani, Arjun",181,https://omnipong.com/T-tourney.asp?t=109&r=5200&h=&p=189111
"Gupta, Krish",1933,https://omnipong.com/T-tourney.asp?t=109&r=5200&h=&p=157441
"He, Xianliang",2316,https://omnipong.com/T-tourney.asp?t=109&r=5200&h=&p=126680
"Herlekar, Mihir",2235,https://omnipong.com/T-tourney.asp?t=109&r=5200&h=&p=153115
"Hiremani, Shloak",2080,https://omnipong.com/T-tourney.asp?t=109&r=5200&h=&p=154149
"Ho, Clarice",2018,https://omnipong.com/T-tourney.asp?t=109&r=5200&h=&p=175343
"Ho, Daniel",2108,https://omnipong.com/T-tourney.asp?t=109&r=5200&h=&p=155618
"Ho, Titus",1966,https://omnipong.com/T-tourney.asp?t=109&r=5200&h=&p=155683
"Hu, Ethan",284,https://omnipong.com/T-tourney.asp?t=109&r=5200&h=&p=159481
"Hua, Longwen",1497,https://omnipong.com/T-tourney.asp?t=109&r=5200&h=&p=161465
"Huang, Holly",1871,https://omnipong.com/T-tourney.asp?t=109&r=5200&h=&p=166357
"Huang, Lawrence",1117,https://omnipong.com/T-tourney.asp?t=109&r=5200&h=&p=175895
"Hui, Aleecia",1364,https://omnipong.com/T-tourney.asp?t=109&r=5200&h=&p=159266
"Hung, Hung-Wen",1748,https://omnipong.com/T-tourney.asp?t=109&r=5200&h=&p=162086
"Huynh, Vivian",0,https://omnipong.com/T-tourney.asp?t=109&r=5200&h=&p=184015
"Jain, Viraj",391,https://omnipong.com/T-tourney.asp?t=109&r=5200&h=&p=162728
"Jiang, Richard",308,https://omnipong.com/T-tourney.asp?t=109&r=5200&h=&p=183147
"Joshi, Tejas",141,https://omnipong.com/T-tourney.asp?t=109&r=5200&h=&p=176647
"K Mahesh, Shishir",1739,https://omnipong.com/T-tourney.asp?t=109&r=5200&h=&p=165331
"Kakarala, Abhinav",1992,https://omnipong.com/T-tourney.asp?t=109&r=5200&h=&p=165399
"Kasichainula, Anagha",2207,https://omnipong.com/T-tourney.asp?t=109&r=5200&h=&p=126851
"Khandelwal, Yashvi",404,https://omnipong.com/T-tourney.asp?t=109&r=5200&h=&p=181502
"Kodaty, Shriya",1803,https://omnipong.com/T-tourney.asp?t=109&r=5200&h=&p=170343
"Kodaty, Siddharth",1998,https://omnipong.com/T-tourney.asp?t=109&r=5200&h=&p=164550
"Kothawade, Ishwari",1486,https://omnipong.com/T-tourney.asp?t=109&r=5200&h=&p=175919
"Kou, Lei",2749,https://omnipong.com/T-tourney.asp?t=109&r=5200&h=&p=154073
"Kripac, Jiri",1651,https://omnipong.com/T-tourney.asp?t=109&r=5200&h=&p=187418
"Krishnaprasad, Shrirang",2160,https://omnipong.com/T-tourney.asp?t=109&r=5200&h=&p=154123
"Kumar, Amit",2173,https://omnipong.com/T-tourney.asp?t=109&r=5200&h=&p=168734
"Kundu, Aaryash",304,https://omnipong.com/T-tourney.asp?t=109&r=5200&h=&p=188686
"Lam, Benjamin",2170,https://omnipong.com/T-tourney.asp?t=109&r=5200&h=&p=157561
"Lam, Kyle",2186,https://omnipong.com/T-tourney.asp?t=109&r=5200&h=&p=157334
"Lee, Aimee",87,https://omnipong.com/T-tourney.asp?t=109&r=5200&h=&p=187436
"Leung, Otto",1608,https://omnipong.com/T-tourney.asp?t=109&r=5200&h=&p=170760
"Leung, Owen",1995,https://omnipong.com/T-tourney.asp?t=109&r=5200&h=&p=161751
"Li, Ina",1319,https://omnipong.com/T-tourney.asp?t=109&r=5200&h=&p=179619
"Li, Kevin",471,https://omnipong.com/T-tourney.asp?t=109&r=5200&h=&p=187097
"Li, Raymond",131,https://omnipong.com/T-tourney.asp?t=109&r=5200&h=&p=176892
"Li, Xin",2328,https://omnipong.com/T-tourney.asp?t=109&r=5200&h=&p=154996
"Liu, Alden",0,https://omnipong.com/T-tourney.asp?t=109&r=5200&h=&p=8318
"Liu, Andy",289,https://omnipong.com/T-tourney.asp?t=109&r=5200&h=&p=172994
"Liu, Daniel",0,https://omnipong.com/T-tourney.asp?t=109&r=5200&h=&p=177887
"Liu, Justin",2257,https://omnipong.com/T-tourney.asp?t=109&r=5200&h=&p=127296
"Liu, Louis",1529,https://omnipong.com/T-tourney.asp?t=109&r=5200&h=&p=162227
"Liu, Tyler",0,https://omnipong.com/T-tourney.asp?t=109&r=5200&h=&p=191366
"Liu, Xiaofeng",0,https://omnipong.com/T-tourney.asp?t=109&r=5200&h=&p=164329
"Lo, Austin",2321,https://omnipong.com/T-tourney.asp?t=109&r=5200&h=&p=171700
"Lo, Benjamin",2296,https://omnipong.com/T-tourney.asp?t=109&r=5200&h=&p=171701
"Lu, Julia",679,https://omnipong.com/T-tourney.asp?t=109&r=5200&h=&p=180307
"Madhuvanesh, Aadhav",1984,https://omnipong.com/T-tourney.asp?t=109&r=5200&h=&p=177220
"Mahesh, Pannag",165,https://omnipong.com/T-tourney.asp?t=109&r=5200&h=&p=187890
"Makhani, Asif",1189,https://omnipong.com/T-tourney.asp?t=109&r=5200&h=&p=43827
"Maruthapandian, Kobika",1283,https://omnipong.com/T-tourney.asp?t=109&r=5200&h=&p=172403
"Maruthapandian, Lavanya",2123,https://omnipong.com/T-tourney.asp?t=109&r=5200&h=&p=75645
"Mo, Jielin",1568,https://omnipong.com/T-tourney.asp?t=109&r=5200&h=&p=166612
"Modak, Shreyan",2142,https://omnipong.com/T-tourney.asp?t=109&r=5200&h=&p=172251
"Mu, Mabel",1545,https://omnipong.com/T-tourney.asp?t=109&r=5200&h=&p=162778
"Mu, Marcus",203,https://omnipong.com/T-tourney.asp?t=109&r=5200&h=&p=170929
"Musthafa, Salih",1623,https://omnipong.com/T-tourney.asp?t=109&r=5200&h=&p=166801
"Mutta, Saharsh",1672,https://omnipong.com/T-tourney.asp?t=109&r=5200&h=&p=156789
"Nagaraj, Vinay",1709,https://omnipong.com/T-tourney.asp?t=109&r=5200&h=&p=154729
"Nallapureddy, Pranav",514,https://omnipong.com/T-tourney.asp?t=109&r=5200&h=&p=184337
"Nandhakumar, Rosa",0,https://omnipong.com/T-tourney.asp?t=109&r=5200&h=&p=186535
"Naresh, Sid",2641,https://omnipong.com/T-tourney.asp?t=109&r=5200&h=&p=76938
"Nayak, Anchit",1658,https://omnipong.com/T-tourney.asp?t=109&r=5200&h=&p=163841
"Nivin, Evaan",253,https://omnipong.com/T-tourney.asp?t=109&r=5200&h=&p=182701
"Noru, Krishna",0,https://omnipong.com/T-tourney.asp?t=109&r=5200&h=&p=183853
"Ong, Jayvon",368,https://omnipong.com/T-tourney.asp?t=109&r=5200&h=&p=184415
"Ong, Jy Hung",240,https://omnipong.com/T-tourney.asp?t=109&r=5200&h=&p=186501
"Padmarao, Isha Kriti",161,https://omnipong.com/T-tourney.asp?t=109&r=5200&h=&p=177284
"Padmarao, Sandeep",387,https://omnipong.com/T-tourney.asp?t=109&r=5200&h=&p=190923
"Pakala, Ruhaan",1276,https://omnipong.com/T-tourney.asp?t=109&r=5200&h=&p=176641
"Pal, Saikat",1702,https://omnipong.com/T-tourney.asp?t=109&r=5200&h=&p=184240
"Pan, Adelyn",1606,https://omnipong.com/T-tourney.asp?t=109&r=5200&h=&p=175602
"Pasam, Srinandan",124,https://omnipong.com/T-tourney.asp?t=109&r=5200&h=&p=188296
"Patel, Aarav",293,https://omnipong.com/T-tourney.asp?t=109&r=5200&h=&p=180047
"Patel, Aarush",0,https://omnipong.com/T-tourney.asp?t=109&r=5200&h=&p=188514
"Patel, Hiren",0,https://omnipong.com/T-tourney.asp?t=109&r=5200&h=&p=8630
"Patel, Rishaan",419,https://omnipong.com/T-tourney.asp?t=109&r=5200&h=&p=186812
"Pothireddy, Dhruv",0,https://omnipong.com/T-tourney.asp?t=109&r=5200&h=&p=185294
"Pradhan, Advik",2003,https://omnipong.com/T-tourney.asp?t=109&r=5200&h=&p=112896
"Pradhap, Dheetchana",0,https://omnipong.com/T-tourney.asp?t=109&r=5200&h=&p=190235
"Prasad, Yarong",0,https://omnipong.com/T-tourney.asp?t=109&r=5200&h=&p=172518
"Pratheep, Prithvin",1564,https://omnipong.com/T-tourney.asp?t=109&r=5200&h=&p=166208
"Puia, Lalrin",2534,https://omnipong.com/T-tourney.asp?t=109&r=5200&h=&p=175782
"Purwar, Rachel",2051,https://omnipong.com/T-tourney.asp?t=109&r=5200&h=&p=150841
"Pushilal, Kiranjoy",2477,https://omnipong.com/T-tourney.asp?t=109&r=5200&h=&p=83330
"Qian, Kecheng",0,https://omnipong.com/T-tourney.asp?t=109&r=5200&h=&p=8369
"Qiu, Jianfeng",1696,https://omnipong.com/T-tourney.asp?t=109&r=5200&h=&p=107613
"Ram, Abivridh",1935,https://omnipong.com/T-tourney.asp?t=109&r=5200&h=&p=162989
"Ramamurthi, Shrinidi",220,https://omnipong.com/T-tourney.asp?t=109&r=5200&h=&p=183857
"Ramanathan, Anupama",232,https://omnipong.com/T-tourney.asp?t=109&r=5200&h=&p=184334
"Ramani, Akash",163,https://omnipong.com/T-tourney.asp?t=109&r=5200&h=&p=180069
"Rao, Dattu",1531,https://omnipong.com/T-tourney.asp?t=109&r=5200&h=&p=157227
"Rao, Rhea",1631,https://omnipong.com/T-tourney.asp?t=109&r=5200&h=&p=157451
"Rao, Rishab",1964,https://omnipong.com/T-tourney.asp?t=109&r=5200&h=&p=157452
"Rao, Vedant",718,https://omnipong.com/T-tourney.asp?t=109&r=5200&h=&p=177260
"Raut, Vihaan",1444,https://omnipong.com/T-tourney.asp?t=109&r=5200&h=&p=162861
"Raval, Prakashkumar",200,https://omnipong.com/T-tourney.asp?t=109&r=5200&h=&p=178426
"Ren, Yueran",1584,https://omnipong.com/T-tourney.asp?t=109&r=5200&h=&p=156278
"Rozhin, Alexander",1609,https://omnipong.com/T-tourney.asp?t=109&r=5200&h=&p=96960
"Saravanan, Aarav",86,https://omnipong.com/T-tourney.asp?t=109&r=5200&h=&p=166256
"Saravanan, Aarush",95,https://omnipong.com/T-tourney.asp?t=109&r=5200&h=&p=166255
"Saravanan, Srinithi",1663,https://omnipong.com/T-tourney.asp?t=109&r=5200&h=&p=154931
"Sashidhar, Samanvi",1097,https://omnipong.com/T-tourney.asp?t=109&r=5200&h=&p=159970
"Sasikumar, Adhwin",560,https://omnipong.com/T-tourney.asp?t=109&r=5200&h=&p=181764
"Saw, Leonard",1477,https://omnipong.com/T-tourney.asp?t=109&r=5200&h=&p=176011
"Schepp, Moritz",0,https://omnipong.com/T-tourney.asp?t=109&r=5200&h=&p=183852
"Semikhatskii, Maxim",196,https://omnipong.com/T-tourney.asp?t=109&r=5200&h=&p=182705
"Sen, Elan",1730,https://omnipong.com/T-tourney.asp?t=109&r=5200&h=&p=176014
"Shah, Kaira",100,https://omnipong.com/T-tourney.asp?t=109&r=5200&h=&p=184633
"Shah, Kashvi",271,https://omnipong.com/T-tourney.asp?t=109&r=5200&h=&p=166881
"Shah, Raghav",1977,https://omnipong.com/T-tourney.asp?t=109&r=5200&h=&p=155542
"Shahnazari, Robert",2115,https://omnipong.com/T-tourney.asp?t=109&r=5200&h=&p=58991
"Shaikh, Mohammedarman",2470,https://omnipong.com/T-tourney.asp?t=109&r=5200&h=&p=184957
"Sharma, Advit",0,https://omnipong.com/T-tourney.asp?t=109&r=5200&h=&p=179632
"Sharma, Arun",1811,https://omnipong.com/T-tourney.asp?t=109&r=5200&h=&p=81761
"Shendarkar, Nishaad",927,https://omnipong.com/T-tourney.asp?t=109&r=5200&h=&p=170656
"Shi, Evelyn",1529,https://omnipong.com/T-tourney.asp?t=109&r=5200&h=&p=167575
"Shi, Zachary",733,https://omnipong.com/T-tourney.asp?t=109&r=5200&h=&p=182834
"Shodhan, Shashin",2141,https://omnipong.com/T-tourney.asp?t=109&r=5200&h=&p=59686
"Siu, George",2134,https://omnipong.com/T-tourney.asp?t=109&r=5200&h=&p=60330
"Sivakumar, Vishal",2350,https://omnipong.com/T-tourney.asp?t=109&r=5200&h=&p=153701
"Sounderarajan, Ashwin",1995,https://omnipong.com/T-tourney.asp?t=109&r=5200&h=&p=156897
"Sreenevas, Arya",287,https://omnipong.com/T-tourney.asp?t=109&r=5200&h=&p=181977
"Sridhar, Keshav",2214,https://omnipong.com/T-tourney.asp?t=109&r=5200&h=&p=154466
"Srinivasan, Nivaan",1798,https://omnipong.com/T-tourney.asp?t=109&r=5200&h=&p=173140
"Sriramu, Aarit",1481,https://omnipong.com/T-tourney.asp?t=109&r=5200&h=&p=159229
"Subbu, Krish",1445,https://omnipong.com/T-tourney.asp?t=109&r=5200&h=&p=160547
"Sugumar, Shreyan",147,https://omnipong.com/T-tourney.asp?t=109&r=5200&h=&p=176665
"Sun, Frank",1910,https://omnipong.com/T-tourney.asp?t=109&r=5200&h=&p=178952
"Surmann, Olaf",2155,https://omnipong.com/T-tourney.asp?t=109&r=5200&h=&p=73213
"Talukdar, Jishnu",2165,https://omnipong.com/T-tourney.asp?t=109&r=5200&h=&p=156788
"Tang, Kayden",1269,https://omnipong.com/T-tourney.asp?t=109&r=5200&h=&p=182601
"Tang, Ruiya",182,https://omnipong.com/T-tourney.asp?t=109&r=5200&h=&p=183856
"Tangri, Akash",975,https://omnipong.com/T-tourney.asp?t=109&r=5200&h=&p=164471
"Tangri, Viraj",253,https://omnipong.com/T-tourney.asp?t=109&r=5200&h=&p=178852
"Thein, Myo",324,https://omnipong.com/T-tourney.asp?t=109&r=5200&h=&p=161662
"Therriault, James",2275,https://omnipong.com/T-tourney.asp?t=109&r=5200&h=&p=64097
"Thirumala, Raghu",1879,https://omnipong.com/T-tourney.asp?t=109&r=5200&h=&p=156219
"Tilloo, Vedant",1565,https://omnipong.com/T-tourney.asp?t=109&r=5200&h=&p=159055
"Tong, Xiaoyu",1386,https://omnipong.com/T-tourney.asp?t=109&r=5200&h=&p=171683
"Tsai, Teddy",1280,https://omnipong.com/T-tourney.asp?t=109&r=5200&h=&p=168771
"Vaidyanathan, Ramanathan",468,https://omnipong.com/T-tourney.asp?t=109&r=5200&h=&p=184175
"Vyas, Zia",285,https://omnipong.com/T-tourney.asp?t=109&r=5200&h=&p=170218
"Walia, Aarav",108,https://omnipong.com/T-tourney.asp?t=109&r=5200&h=&p=188055
"Wang, Dylan",1157,https://omnipong.com/T-tourney.asp?t=109&r=5200&h=&p=181689
"Wang, Eason",0,https://omnipong.com/T-tourney.asp?t=109&r=5200&h=&p=190591
"Wang, Ellie",163,https://omnipong.com/T-tourney.asp?t=109&r=5200&h=&p=180506
"Wang, Henry",1800,https://omnipong.com/T-tourney.asp?t=109&r=5200&h=&p=83566
"Wang, Hubert",0,https://omnipong.com/T-tourney.asp?t=109&r=5200&h=&p=190593
"Wang, Jonathan",1746,https://omnipong.com/T-tourney.asp?t=109&r=5200&h=&p=165338
"Wang, Michael",1631,https://omnipong.com/T-tourney.asp?t=109&r=5200&h=&p=126471
"Wang, Wei",2642,https://omnipong.com/T-tourney.asp?t=109&r=5200&h=&p=163794
"Wang, Xunwen",328,https://omnipong.com/T-tourney.asp?t=109&r=5200&h=&p=180241
"Wang Lee, Tim",1441,https://omnipong.com/T-tourney.asp?t=109&r=5200&h=&p=108763
"Wani, Sara",943,https://omnipong.com/T-tourney.asp?t=109&r=5200&h=&p=174048
"Xia, Michael",1413,https://omnipong.com/T-tourney.asp?t=109&r=5200&h=&p=166536
"Xin, Brian",0,https://omnipong.com/T-tourney.asp?t=109&r=5200&h=&p=182978
"Xu, Andrew",809,https://omnipong.com/T-tourney.asp?t=109&r=5200&h=&p=187071
"Xu, Rhoy",2009,https://omnipong.com/T-tourney.asp?t=109&r=5200&h=&p=158767
"Xu, Youli",1709,https://omnipong.com/T-tourney.asp?t=109&r=5200&h=&p=170984
"Xu, Youqing",1680,https://omnipong.com/T-tourney.asp?t=109&r=5200&h=&p=170985
"Yan, Lingxiao",2497,https://omnipong.com/T-tourney.asp?t=109&r=5200&h=&p=171673
"Yang, Aaron",140,https://omnipong.com/T-tourney.asp?t=109&r=5200&h=&p=180617
"Yang, Alex",253,https://omnipong.com/T-tourney.asp?t=109&r=5200&h=&p=179340
"Yang, Jie",0,https://omnipong.com/T-tourney.asp?t=109&r=5200&h=&p=180420
"Yang, Mile",0,https://omnipong.com/T-tourney.asp?t=109&r=5200&h=&p=188044
"Yang, Olivia",1685,https://omnipong.com/T-tourney.asp?t=109&r=5200&h=&p=170802
"Yang, Sophia",1567,https://omnipong.com/T-tourney.asp?t=109&r=5200&h=&p=170686
"Yang, William",146,https://omnipong.com/T-tourney.asp?t=109&r=5200&h=&p=186855
"Yuen, Enzo",1587,https://omnipong.com/T-tourney.asp?t=109&r=5200&h=&p=174295
"Zhang, Cyndi (xuxin)",1364,https://omnipong.com/T-tourney.asp?t=109&r=5200&h=&p=90866
"Zhang, Joe",2207,https://omnipong.com/T-tourney.asp?t=109&r=5200&h=&p=128944
"Zhang, Sierra",291,https://omnipong.com/T-tourney.asp?t=109&r=5200&h=&p=182678
"Zhang, Yuanlei",1489,https://omnipong.com/T-tourney.asp?t=109&r=5200&h=&p=148790
"Zhao, Serena",181,https://omnipong.com/T-tourney.asp?t=109&r=5200&h=&p=182936
"Zhou, Ella",1847,https://omnipong.com/T-tourney.asp?t=109&r=5200&h=&p=154793
"Zhu, Jimmy",2260,https://omnipong.com/T-tourney.asp?t=109&r=5200&h=&p=162870
